{
    "eval_P": 70.81184064162788,
    "eval_R": 74.3303859261306,
    "eval_exact_match": 56.170212765957444,
    "eval_f1": 69.47975255171751,
    "eval_samples": 577
}