{
    "epoch": 10.0,
    "eval_P": 77.26860254083485,
    "eval_R": 82.63546798029557,
    "eval_exact_match": 68.96551724137932,
    "eval_f1": 78.239289446186,
    "eval_samples": 50
}