{
    "eval_P": 23.575662415354266,
    "eval_R": 25.82430689877498,
    "eval_exact_match": 15.74468085106383,
    "eval_f1": 22.317494417257592,
    "eval_samples": 581
}