{
    "epoch": 1.0,
    "eval_P": 80.17241379310344,
    "eval_R": 77.3768472906404,
    "eval_exact_match": 72.41379310344827,
    "eval_f1": 78.44827586206895,
    "eval_samples": 50
}