{
    "eval_P": 94.68789227433527,
    "eval_R": 93.4911190078513,
    "eval_exact_match": 88.58267716535433,
    "eval_f1": 93.15098263317955,
    "eval_samples": 625
}