{
    "0-hasAns": 0.13882660865783691,
    "1-hasAns": -3.344438076019287,
    "2-hasAns": 9.4496488571167,
    "3-hasAns": -9.24549674987793,
    "4-hasAns": -1.09401273727417,
    "5-hasAns": -8.267818450927734,
    "6-hasAns": 8.867632865905762,
    "7-hasAns": -5.672405242919922,
    "8-hasAns": -4.0080718994140625,
    "9-hasAns": -3.015436887741089,
    "10-hasAns": -3.4776062965393066,
    "11-hasAns": 0.1826251745223999,
    "12-hasAns": 3.2494287490844727,
    "13-hasAns": 7.0131964683532715,
    "14-hasAns": -0.9277276992797852,
    "15-hasNoAns": 3.6670689582824707,
    "16-hasNoAns": 5.691596984863281,
    "17-hasNoAns": 1.3023009300231934,
    "18-hasAns": 1.7285940647125244,
    "19-hasAns": 2.012864828109741,
    "20-hasAns": -7.2690019607543945,
    "21-hasAns": -6.321013450622559,
    "22-hasAns": -2.708773136138916,
    "23-hasAns": 3.9815430641174316,
    "24-hasAns": 6.495121955871582,
    "25-hasAns": 4.02553653717041,
    "26-hasAns": 1.176741123199463,
    "27-hasAns": 3.704277515411377,
    "28-hasAns": -6.791003704071045,
    "29-hasAns": -0.05428671836853027,
    "30-hasAns": 4.982180595397949,
    "31-hasAns": 5.425360679626465,
    "32-hasAns": 5.2181477546691895,
    "33-hasAns": 7.588390827178955,
    "34-hasAns": 5.433154582977295,
    "35-hasAns": -7.473633289337158,
    "36-hasNoAns": -0.7296206951141357,
    "37-hasAns": -6.7771477699279785,
    "38-hasAns": 3.5282211303710938,
    "39-hasAns": 9.919303894042969,
    "40-hasAns": 4.405683517456055,
    "41-hasAns": 9.473799705505371,
    "42-hasAns": -9.285301208496094,
    "43-hasAns": 5.044157028198242,
    "44-hasAns": -4.309255599975586,
    "45-hasAns": -0.599740743637085,
    "46-hasAns": 12.156566619873047,
    "47-hasAns": 9.994097709655762,
    "48-hasAns": 12.141111373901367,
    "49-hasAns": 8.743915557861328,
    "50-hasAns": -7.670751571655273,
    "51-hasAns": 4.1381120681762695,
    "52-hasAns": 0.9565188884735107,
    "53-hasAns": -1.1289677619934082,
    "54-hasAns": -2.8323662281036377,
    "55-hasAns": 9.109307289123535,
    "56-hasAns": 8.344230651855469,
    "57-hasAns": 9.836507797241211,
    "58-hasAns": 7.942155838012695,
    "59-hasAns": -11.683841705322266,
    "60-hasAns": -10.301996231079102,
    "61-hasAns": -1.8365790843963623,
    "62-hasAns": 1.7056677341461182,
    "63-hasAns": -4.3069257736206055,
    "64-hasAns": -10.02305793762207,
    "65-hasAns": -10.727130889892578,
    "66-hasAns": -11.82011604309082,
    "67-hasAns": -7.906167507171631,
    "68-hasAns": -7.3381781578063965,
    "69-hasAns": 5.427026748657227,
    "70-hasAns": -8.395660400390625,
    "71-hasAns": -5.278964996337891,
    "72-hasAns": -10.871236801147461,
    "73-hasAns": -4.4335222244262695,
    "74-hasAns": -8.633630752563477,
    "75-hasAns": -6.059963226318359,
    "76-hasAns": -8.173980712890625,
    "77-hasAns": -5.996445178985596,
    "78-hasAns": -7.3244757652282715,
    "79-hasAns": -6.358063697814941,
    "80-hasAns": -1.875619888305664,
    "81-hasAns": 11.791160583496094,
    "82-hasAns": 14.301652908325195,
    "83-hasAns": -7.462588787078857,
    "84-hasAns": -3.3726673126220703,
    "85-hasAns": -8.144073486328125,
    "86-hasAns": -5.648714542388916,
    "87-hasAns": -5.165109157562256,
    "88-hasAns": -10.123659133911133,
    "89-hasAns": -3.11733341217041,
    "90-hasAns": -5.996997833251953,
    "91-hasAns": -5.626219749450684,
    "92-hasAns": -7.010065078735352,
    "93-hasAns": 4.848381519317627,
    "94-hasAns": -8.282472610473633,
    "95-hasAns": -7.775453567504883,
    "96-hasAns": 3.8565125465393066,
    "97-hasAns": -10.075518608093262,
    "98-hasAns": -10.732190132141113,
    "99-hasAns": -7.116654396057129,
    "100-hasAns": -7.3381781578063965,
    "101-hasAns": -8.706342697143555,
    "102-hasAns": -10.128568649291992,
    "103-hasAns": -9.143573760986328,
    "104-hasAns": 3.794813871383667,
    "105-hasAns": 8.15231704711914,
    "106-hasAns": -24.099172592163086,
    "107-hasAns": -9.713387489318848,
    "108-hasAns": -5.379979133605957,
    "109-hasAns": -6.688222885131836,
    "110-hasAns": -3.5218048095703125,
    "111-hasAns": -3.609161138534546,
    "112-hasAns": -1.8049426078796387,
    "113-hasAns": -8.07400131225586,
    "114-hasAns": -4.240748405456543,
    "115-hasAns": -10.394756317138672,
    "116-hasAns": -5.818214416503906,
    "117-hasAns": -8.254396438598633,
    "118-hasAns": -1.262864112854004,
    "119-hasAns": -5.456204891204834,
    "120-hasAns": 3.2748069763183594,
    "121-hasAns": -11.314807891845703,
    "122-hasAns": -7.094520568847656,
    "123-hasAns": -8.027599334716797,
    "124-hasAns": -7.222243785858154,
    "125-hasAns": -8.336368560791016,
    "126-hasAns": -10.507875442504883,
    "127-hasAns": -8.173650741577148,
    "128-hasAns": -8.962571144104004,
    "129-hasAns": -11.212431907653809,
    "130-hasAns": -8.467780113220215,
    "131-hasAns": -5.251255989074707,
    "132-hasAns": -9.533576011657715,
    "133-hasAns": -9.550308227539062,
    "134-hasAns": -10.024580955505371,
    "135-hasAns": -8.598763465881348,
    "136-hasAns": -6.584924697875977,
    "137-hasAns": -5.314103603363037,
    "138-hasAns": -7.292051315307617,
    "139-hasAns": -2.8023900985717773,
    "140-hasAns": -10.913076400756836,
    "141-hasAns": -7.669631481170654,
    "142-hasAns": 1.6898953914642334,
    "143-hasAns": -11.363344192504883,
    "144-hasAns": -10.237652778625488,
    "145-hasAns": -7.748345851898193,
    "146-hasAns": -7.4704718589782715,
    "147-hasAns": -1.5532689094543457,
    "148-hasAns": 6.148805618286133,
    "149-hasAns": 4.04442834854126,
    "150-hasAns": -3.2638840675354004,
    "151-hasAns": 7.863849639892578,
    "152-hasAns": -0.18629980087280273,
    "153-hasAns": -4.479955196380615,
    "154-hasAns": -0.8349323272705078,
    "155-hasAns": -4.695863723754883,
    "156-hasAns": -4.888977527618408,
    "157-hasAns": -1.0333528518676758,
    "158-hasAns": -3.023381233215332,
    "159-hasAns": 8.853898048400879,
    "160-hasAns": 3.038470983505249,
    "161-hasAns": -4.986795902252197,
    "162-hasAns": -6.712106704711914,
    "163-hasAns": -1.3629236221313477,
    "164-hasAns": -5.110269546508789,
    "165-hasAns": -7.262494087219238,
    "166-hasAns": -5.627251625061035,
    "167-hasAns": -7.340913772583008,
    "168-hasAns": -5.261821269989014,
    "169-hasAns": 5.047669410705566,
    "170-hasAns": 3.714559316635132,
    "171-hasAns": -6.180573463439941,
    "172-hasAns": -8.571032524108887,
    "173-hasAns": -2.3522496223449707,
    "174-hasAns": -2.883668899536133,
    "175-hasAns": -6.640021324157715,
    "176-hasAns": -5.7017292976379395,
    "177-hasAns": -3.1156768798828125,
    "178-hasAns": 0.28159523010253906,
    "179-hasAns": -5.782907962799072,
    "180-hasAns": -6.5062031745910645,
    "181-hasAns": -4.134633541107178,
    "182-hasAns": 12.905774116516113,
    "183-hasAns": 12.905774116516113,
    "184-hasAns": -5.1976704597473145,
    "185-hasAns": -1.1820425987243652,
    "186-hasAns": -4.407207012176514,
    "187-hasAns": 4.914362907409668,
    "188-hasAns": 7.302791118621826,
    "189-hasAns": 8.923863410949707,
    "190-hasAns": 9.586840629577637,
    "191-hasAns": 0.9574172496795654,
    "192-hasAns": 16.20397186279297,
    "193-hasAns": 12.894952774047852,
    "194-hasAns": -7.19221305847168,
    "195-hasAns": -7.406088352203369,
    "196-hasAns": -6.9914093017578125,
    "197-hasAns": -6.767994403839111,
    "198-hasAns": -8.962419509887695,
    "199-hasAns": -7.113463401794434,
    "200-hasAns": -3.6198997497558594,
    "201-hasAns": -2.9512929916381836,
    "202-hasAns": -4.979970455169678,
    "203-hasAns": -4.596987247467041,
    "204-hasAns": -8.746683120727539,
    "205-hasAns": -5.227488994598389,
    "206-hasAns": -0.9454693794250488,
    "207-hasAns": -2.674222946166992,
    "208-hasAns": -6.864984035491943,
    "209-hasAns": -3.3882040977478027,
    "210-hasAns": -5.096093654632568,
    "211-hasAns": -3.255842685699463,