{
    "eval_P": 76.08916941621129,
    "eval_R": 79.99570169782935,
    "eval_exact_match": 61.276595744680854,
    "eval_f1": 74.94185134360352,
    "eval_samples": 577
}