{
    "eval_P": 60.964650255803676,
    "eval_R": 72.7643609345737,
    "eval_exact_match": 46.38297872340426,
    "eval_f1": 62.10294875330119,
    "eval_samples": 581
}