{
    "eval_P": 72.20217090957146,
    "eval_R": 72.29860919222621,
    "eval_exact_match": 58.297872340425535,
    "eval_f1": 69.75502292392949,
    "eval_samples": 577
}