{
    "eval_P": 73.74157167953362,
    "eval_R": 76.75861963096004,
    "eval_exact_match": 58.723404255319146,
    "eval_f1": 72.50652164299544,
    "eval_samples": 577
}