{
    "eval_P": 67.56193563077167,
    "eval_R": 76.79272972889993,
    "eval_exact_match": 54.04255319148936,
    "eval_f1": 68.16704925907436,
    "eval_samples": 577
}