{
    "eval_P": 56.66624749885077,
    "eval_R": 70.7370053114734,
    "eval_exact_match": 42.97872340425532,
    "eval_f1": 58.44099249192951,
    "eval_samples": 581
}