{
    "eval_P": 43.30174005674632,
    "eval_R": 52.756593288508185,
    "eval_exact_match": 29.78723404255319,
    "eval_f1": 43.65415703361161,
    "eval_samples": 577
}