{
    "eval_P": 71.49124622041576,
    "eval_R": 80.3705750514261,
    "eval_exact_match": 56.59574468085106,
    "eval_f1": 71.57875551466013,
    "eval_samples": 560
}