{
    "eval_P": 45.642448466182884,
    "eval_R": 47.7413343158024,
    "eval_exact_match": 34.8936170212766,
    "eval_f1": 44.44942866397635,
    "eval_samples": 577
}