{
    "eval_P": 67.73790505142195,
    "eval_R": 79.55024408215898,
    "eval_exact_match": 53.191489361702125,
    "eval_f1": 68.88397791659011,
    "eval_samples": 581
}