{
    "epoch": 1.0,
    "eval_P": 82.85809018567639,
    "eval_R": 82.42610837438424,
    "eval_exact_match": 72.41379310344827,
    "eval_f1": 81.00574712643677,
    "eval_samples": 50
}