{
    "eval_P": 69.90837052707157,
    "eval_R": 81.77010223818733,
    "eval_exact_match": 55.744680851063826,
    "eval_f1": 71.48839855261602,
    "eval_samples": 577
}