{
    "eval_P": 70.6785401082022,
    "eval_R": 77.70654877037856,
    "eval_exact_match": 60.0,
    "eval_f1": 70.75794326877705,
    "eval_samples": 577
}