{
    "eval_P": 70.09035975844489,
    "eval_R": 74.78259801664056,
    "eval_exact_match": 55.319148936170215,
    "eval_f1": 69.0755277779449,
    "eval_samples": 577
}