{
    "eval_P": 69.68725675659344,
    "eval_R": 85.35081821252034,
    "eval_exact_match": 52.340425531914896,
    "eval_f1": 71.0420696457518,
    "eval_samples": 577
}