{
    "eval_P": 45.98458152287361,
    "eval_R": 54.153357281016866,
    "eval_exact_match": 36.59574468085106,
    "eval_f1": 46.67257178929983,
    "eval_samples": 581
}