{
    "eval_P": 42.8484677261273,
    "eval_R": 44.67142550121274,
    "eval_exact_match": 32.765957446808514,
    "eval_f1": 41.729460579602225,
    "eval_samples": 581
}