{
    "eval_P": 69.48997008963417,
    "eval_R": 71.98624543305394,
    "eval_exact_match": 54.46808510638298,
    "eval_f1": 67.64151863623574,
    "eval_samples": 582
}