{
    "eval_P": 45.41531665276808,
    "eval_R": 68.10874704491725,
    "eval_exact_match": 31.48936170212766,
    "eval_f1": 49.545764480762855,
    "eval_samples": 577
}