{
    "eval_P": 67.2918907186986,
    "eval_R": 83.05845690952074,
    "eval_exact_match": 55.319148936170215,
    "eval_f1": 69.4282551404728,
    "eval_samples": 581
}