{
    "epoch": 1.0,
    "eval_P": 77.02586206896552,
    "eval_R": 82.75862068965517,
    "eval_exact_match": 75.86206896551724,
    "eval_f1": 77.85054841000553,
    "eval_samples": 50
}