{
    "eval_P": 61.40718596687059,
    "eval_R": 76.4320407724663,
    "eval_exact_match": 47.234042553191486,
    "eval_f1": 63.61880218000489,
    "eval_samples": 577
}