{
    "epoch": 1.0,
    "eval_P": 84.91379310344827,
    "eval_R": 83.53448275862068,
    "eval_exact_match": 75.86206896551724,
    "eval_f1": 84.05172413793103,
    "eval_samples": 50
}