{
    "eval_P": 67.90022014558936,
    "eval_R": 83.83089251174357,
    "eval_exact_match": 55.744680851063826,
    "eval_f1": 70.68652503551077,
    "eval_samples": 581
}