{
    "epoch": 1.0,
    "eval_P": 88.07471264367817,
    "eval_R": 83.73973727422005,
    "eval_exact_match": 72.41379310344827,
    "eval_f1": 84.39655172413794,
    "eval_samples": 50
}