{
    "epoch": 1.0,
    "eval_P": 84.08045977011494,
    "eval_R": 89.56896551724138,
    "eval_exact_match": 68.96551724137932,
    "eval_f1": 84.9343185550082,
    "eval_samples": 50
}