{
    "epoch": 1.0,
    "eval_P": 86.72413793103448,
    "eval_R": 89.65517241379311,
    "eval_exact_match": 86.20689655172414,
    "eval_f1": 87.10644677661169,
    "eval_samples": 50
}