{
    "eval_P": 57.87750121105051,
    "eval_R": 66.09701882042306,
    "eval_exact_match": 48.51063829787234,
    "eval_f1": 58.74457527424056,
    "eval_samples": 581
}