{
    "eval_P": 49.40106560106561,
    "eval_R": 50.84558349451966,
    "eval_exact_match": 38.723404255319146,
    "eval_f1": 47.968080256908394,
    "eval_samples": 581
}