{
    "epoch": 1.0,
    "eval_P": 84.91379310344827,
    "eval_R": 82.54926108374384,
    "eval_exact_match": 72.41379310344827,
    "eval_f1": 83.47701149425286,
    "eval_samples": 50
}