{
    "eval_P": 64.83365668148278,
    "eval_R": 74.88965644284792,
    "eval_exact_match": 49.361702127659576,
    "eval_f1": 65.04529199311901,
    "eval_samples": 581
}