{
    "eval_P": 66.29727816638088,
    "eval_R": 79.34558349451966,
    "eval_exact_match": 53.191489361702125,
    "eval_f1": 68.20004265780689,
    "eval_samples": 581
}