{
    "eval_P": 62.58939003877232,
    "eval_R": 71.57084523041969,
    "eval_exact_match": 46.808510638297875,
    "eval_f1": 62.576111758264254,
    "eval_samples": 581
}