{
    "eval_P": 54.56768336518996,
    "eval_R": 55.21193699917104,
    "eval_exact_match": 37.87234042553192,
    "eval_f1": 50.94359017119139,
    "eval_samples": 560
}