{
    "eval_P": 69.54503441065593,
    "eval_R": 79.13079119462098,
    "eval_exact_match": 55.319148936170215,
    "eval_f1": 70.17819707861698,
    "eval_samples": 577
}