{
    "eval_P": 1.8564741389820703,
    "eval_R": 5.452611218568665,
    "eval_exact_match": 0.0,
    "eval_f1": 2.3775575975750334,
    "eval_samples": 559
}