{
    "0-hasAns": -1.4822285175323486,
    "1-hasAns": -1.3141134977340698,
    "2-hasAns": -1.2330617904663086,
    "3-hasAns": -0.9643107652664185,
    "4-hasAns": -1.0854438543319702,
    "5-hasAns": -0.919542670249939,
    "6-hasAns": -1.38853120803833,
    "7-hasAns": -1.356052041053772,
    "8-hasAns": -1.185910940170288,
    "9-hasAns": -1.2525577545166016,
    "10-hasAns": -1.430997371673584,
    "11-hasAns": -1.094888687133789,
    "12-hasAns": -1.2283477783203125,
    "13-hasAns": -1.0122088193893433,
    "14-hasAns": -1.0697098970413208,
    "15-hasNoAns": -1.265372395515442,
    "16-hasNoAns": -1.3702929019927979,
    "17-hasNoAns": -1.2769194841384888,
    "18-hasAns": -1.3302149772644043,
    "19-hasAns": -0.9449465274810791,
    "20-hasAns": -1.0171231031417847,
    "21-hasAns": -0.7620677351951599,
    "22-hasAns": -1.04320228099823,
    "23-hasAns": -0.9430660009384155,
    "24-hasAns": -1.1585853099822998,
    "25-hasAns": -1.1163538694381714,
    "26-hasAns": -0.8379695415496826,
    "27-hasAns": -1.304792046546936,
    "28-hasAns": -1.0074275732040405,
    "29-hasAns": -0.9354850649833679,
    "30-hasAns": -0.8204245567321777,
    "31-hasAns": -0.6586552858352661,
    "32-hasAns": -0.8310208320617676,
    "33-hasAns": -0.8813114762306213,
    "34-hasAns": -0.6820828318595886,
    "35-hasAns": -0.8309873938560486,
    "36-hasNoAns": -1.181802749633789,
    "37-hasAns": -1.6716681718826294,
    "38-hasAns": -1.3753058910369873,
    "39-hasAns": -1.6164153814315796,
    "40-hasAns": -1.7098671197891235,
    "41-hasAns": -1.6062358617782593,
    "42-hasAns": -1.4208755493164062,
    "43-hasAns": -1.0053702592849731,
    "44-hasAns": -1.3627421855926514,
    "45-hasAns": -1.4912467002868652,
    "46-hasAns": -1.6159980297088623,
    "47-hasAns": -1.7602492570877075,
    "48-hasAns": -1.716841697692871,
    "49-hasAns": -1.582236886024475,
    "50-hasAns": -0.7999869585037231,
    "51-hasAns": -0.7216097116470337,
    "52-hasAns": -0.3738912045955658,
    "53-hasAns": -1.625129222869873,
    "54-hasAns": -1.1397855281829834,
    "55-hasAns": -1.4349685907363892,
    "56-hasAns": -1.1980574131011963,
    "57-hasAns": -1.2124439477920532,
    "58-hasAns": -1.2479535341262817,
    "59-hasAns": -1.074361801147461,
    "60-hasAns": -1.0696308612823486,
    "61-hasAns": -0.8702817559242249,
    "62-hasAns": -1.0458966493606567,
    "63-hasAns": -1.6674621105194092,
    "64-hasAns": -1.4031726121902466,
    "65-hasAns": -1.4769392013549805,
    "66-hasAns": -1.4159151315689087,
    "67-hasAns": -1.4008400440216064,
    "68-hasAns": -1.2430106401443481,
    "69-hasAns": -1.549280047416687,
    "70-hasAns": -1.6971938610076904,
    "71-hasAns": -1.5077402591705322,
    "72-hasAns": -1.8560562133789062,
    "73-hasAns": -1.6033940315246582,
    "74-hasAns": -1.8094813823699951,
    "75-hasAns": -1.4549810886383057,
    "76-hasAns": -1.337766408920288,
    "77-hasAns": -1.5825779438018799,
    "78-hasAns": -1.7934786081314087,
    "79-hasAns": -1.5417604446411133,
    "80-hasAns": -1.602076768875122,
    "81-hasAns": -1.497279405593872,
    "82-hasAns": -1.50282883644104,
    "83-hasAns": -1.433951735496521,
    "84-hasAns": -1.5469857454299927,
    "85-hasAns": -1.4774022102355957,
    "86-hasAns": -1.5819084644317627,
    "87-hasAns": -1.3622753620147705,
    "88-hasAns": -1.7983787059783936,
    "89-hasAns": -1.5481923818588257,
    "90-hasAns": -1.8153375387191772,
    "91-hasAns": -1.587981939315796,
    "92-hasAns": -1.3786499500274658,
    "93-hasAns": -1.7106232643127441,
    "94-hasAns": -1.6611220836639404,
    "95-hasAns": -1.5526816844940186,
    "96-hasAns": -1.667649269104004,
    "97-hasAns": -1.5142147541046143,
    "98-hasAns": -1.5744905471801758,
    "99-hasAns": -1.3014860153198242,
    "100-hasAns": -1.2430106401443481,
    "101-hasAns": -1.5454390048980713,
    "102-hasAns": -1.5586296319961548,
    "103-hasAns": -1.7555210590362549,
    "104-hasAns": -1.4985355138778687,
    "105-hasAns": -1.5337324142456055,
    "106-hasAns": -1.655855655670166,
    "107-hasAns": -1.5420501232147217,
    "108-hasAns": -1.4911143779754639,
    "109-hasAns": -1.537924885749817,
    "110-hasAns": -1.483824372291565,
    "111-hasAns": -1.4621251821517944,
    "112-hasAns": -1.377829670906067,
    "113-hasAns": -1.573126196861267,
    "114-hasAns": -0.8819218873977661,
    "115-hasAns": -1.2672706842422485,
    "116-hasAns": -1.4109021425247192,
    "117-hasAns": -1.3814502954483032,
    "118-hasAns": -1.2308571338653564,
    "119-hasAns": -1.0873075723648071,
    "120-hasAns": -1.151867389678955,
    "121-hasAns": -1.1242587566375732,
    "122-hasAns": -1.110022783279419,
    "123-hasAns": -1.2017849683761597,
    "124-hasAns": -1.1287897825241089,
    "125-hasAns": -1.1969112157821655,
    "126-hasAns": -1.2442388534545898,
    "127-hasAns": -1.2587075233459473,
    "128-hasAns": -1.2618849277496338,
    "129-hasAns": -1.2302265167236328,
    "130-hasAns": -1.0309293270111084,
    "131-hasAns": -1.0215202569961548,
    "132-hasAns": -1.3547426462173462,
    "133-hasAns": -0.9850038290023804,
    "134-hasAns": -1.204361081123352,
    "135-hasAns": -0.984894871711731,
    "136-hasAns": -1.2245687246322632,
    "137-hasAns": -1.225716233253479,
    "138-hasAns": -0.9593400955200195,
    "139-hasAns": -1.2031261920928955,
    "140-hasAns": -1.0809516906738281,
    "141-hasAns": -1.097676396369934,
    "142-hasAns": -1.1061265468597412,
    "143-hasAns": -0.9425404071807861,
    "144-hasAns": -1.0602154731750488,
    "145-hasAns": -1.0664575099945068,
    "146-hasAns": -0.938299298286438,
    "147-hasAns": -1.1936732530593872,
    "148-hasAns": -1.22739839553833,
    "149-hasAns": -1.1068708896636963,
    "150-hasAns": -1.1268807649612427,
    "151-hasAns": -0.8116017580032349,
    "152-hasAns": -1.0585219860076904,
    "153-hasAns": -1.3156434297561646,
    "154-hasAns": -1.5026646852493286,
    "155-hasAns": -1.3494867086410522,
    "156-hasAns": -1.369229793548584,
    "157-hasAns": -1.3345024585723877,
    "158-hasAns": -1.056962013244629,
    "159-hasAns": -1.3279306888580322,
    "160-hasAns": -1.370601773262024,
    "161-hasAns": -1.1431195735931396,
    "162-hasAns": -1.2223023176193237,
    "163-hasAns": -1.095947027206421,
    "164-hasAns": -1.0790759325027466,
    "165-hasAns": -1.52268385887146,
    "166-hasAns": -1.6813682317733765,
    "167-hasAns": -1.2949658632278442,
    "168-hasAns": -1.6178503036499023,
    "169-hasAns": -1.48317289352417,
    "170-hasAns": -1.6916172504425049,
    "171-hasAns": -1.5238975286483765,
    "172-hasAns": -1.185030221939087,
    "173-hasAns": -1.1217163801193237,
    "174-hasAns": -1.2196142673492432,
    "175-hasAns": -1.0294605493545532,
    "176-hasAns": -1.0810998678207397,
    "177-hasAns": -1.1167140007019043,
    "178-hasAns": -1.059203863143921,
    "179-hasAns": -0.9392703771591187,
    "180-hasAns": -1.1536519527435303,
    "181-hasAns": -1.133452296257019,
    "182-hasAns": -1.0375654697418213,
    "183-hasAns": -1.0375654697418213,
    "184-hasAns": -1.2663356065750122,
    "185-hasAns": -1.3339074850082397,
    "186-hasAns": -1.5454214811325073,
    "187-hasAns": -1.3745572566986084,
    "188-hasAns": -1.2432618141174316,
    "189-hasAns": -1.2596368789672852,
    "190-hasAns": -1.1285438537597656,
    "191-hasAns": -1.2517582178115845,
    "192-hasAns": -1.1556066274642944,
    "193-hasAns": -1.450290322303772,
    "194-hasAns": -1.4078433513641357,
    "195-hasAns": -1.460492491722107,
    "196-hasAns": -1.304781436920166,
    "197-hasAns": -1.2282670736312866,
    "198-hasAns": -1.0394184589385986,
    "199-hasAns": -1.0418659448623657,
    "200-hasAns": -1.3710100650787354,
    "201-hasAns": -1.2242711782455444,
    "202-hasAns": -1.3925827741622925,
    "203-hasAns": -1.3756086826324463,
    "204-hasAns": -1.1990272998809814,
    "205-hasAns": -1.350143313407898,
    "206-hasAns": -1.3411728143692017,
    "207-hasAns": -1.2019315958023071,
    "208-hasAns": -1.4789512157440186,