{
    "eval_P": 39.404669798286825,
    "eval_R": 40.98134843879525,
    "eval_exact_match": 29.78723404255319,
    "eval_f1": 38.086123440415,
    "eval_samples": 581
}