{
    "epoch": 2.0,
    "eval_P": 77.84482758620689,
    "eval_R": 80.82512315270937,
    "eval_exact_match": 62.06896551724138,
    "eval_f1": 77.27011494252872,
    "eval_samples": 50
}