{
    "epoch": 1.0,
    "eval_P": 89.22413793103448,
    "eval_R": 86.26847290640394,
    "eval_exact_match": 82.75862068965517,
    "eval_f1": 86.63793103448276,
    "eval_samples": 50
}