{
    "eval_P": 62.442726182533995,
    "eval_R": 72.16051088391515,
    "eval_exact_match": 46.38297872340426,
    "eval_f1": 62.81269927860247,
    "eval_samples": 577
}