{
    "eval_P": 59.80469530469532,
    "eval_R": 61.30910933038592,
    "eval_exact_match": 47.234042553191486,
    "eval_f1": 58.48472526529308,
    "eval_samples": 581
}