{
    "epoch": 1.0,
    "eval_P": 88.79310344827586,
    "eval_R": 87.80788177339902,
    "eval_exact_match": 82.75862068965517,
    "eval_f1": 88.21839080459769,
    "eval_samples": 50
}