{
    "eval_P": 52.38146183534169,
    "eval_R": 72.57253384912958,
    "eval_exact_match": 37.02127659574468,
    "eval_f1": 56.099862962818946,
    "eval_samples": 577
}