{
    "eval_P": 71.54547654011115,
    "eval_R": 76.20948082650209,
    "eval_exact_match": 57.4468085106383,
    "eval_f1": 70.79948510991728,
    "eval_samples": 581
}