{
    "eval_P": 65.05844805312891,
    "eval_R": 76.9544994013079,
    "eval_exact_match": 52.765957446808514,
    "eval_f1": 66.8365250381763,
    "eval_samples": 581
}