{
    "eval_P": 72.20119124374446,
    "eval_R": 76.47493168769763,
    "eval_exact_match": 59.57446808510638,
    "eval_f1": 71.64701791047224,
    "eval_samples": 577
}