{
    "eval_P": 65.06006263240307,
    "eval_R": 74.05311473396578,
    "eval_exact_match": 49.361702127659576,
    "eval_f1": 65.19440387252843,
    "eval_samples": 581
}