{
    "eval_P": 71.23546005417082,
    "eval_R": 74.30505664548217,
    "eval_exact_match": 60.42553191489362,
    "eval_f1": 70.41136478932818,
    "eval_samples": 581
}