{
    "eval_P": 72.81596614575339,
    "eval_R": 76.81062908722483,
    "eval_exact_match": 59.148936170212764,
    "eval_f1": 72.08021237558157,
    "eval_samples": 577
}