{
    "eval_P": 69.36181292240498,
    "eval_R": 80.20880537901813,
    "eval_exact_match": 56.59574468085106,
    "eval_f1": 71.03230511266582,
    "eval_samples": 581
}