{
    "eval_P": 57.82224618971358,
    "eval_R": 71.69242577753215,
    "eval_exact_match": 43.40425531914894,
    "eval_f1": 58.98477745257119,
    "eval_samples": 581
}