{
    "eval_P": 56.96737652030271,
    "eval_R": 69.75407571152252,
    "eval_exact_match": 42.97872340425532,
    "eval_f1": 58.80863737959001,
    "eval_samples": 581
}