{
    "epoch": 1.0,
    "eval_P": 90.80459770114942,
    "eval_R": 88.25944170771757,
    "eval_exact_match": 86.20689655172414,
    "eval_f1": 89.04214559386973,
    "eval_samples": 50
}