{
    "eval_P": 60.74865065537681,
    "eval_R": 80.49722145466825,
    "eval_exact_match": 42.5531914893617,
    "eval_f1": 63.78478167059065,
    "eval_samples": 581
}