{
    "epoch": 1.0,
    "eval_P": 82.55444646098003,
    "eval_R": 81.79392446633827,
    "eval_exact_match": 68.96551724137932,
    "eval_f1": 81.05172413793103,
    "eval_samples": 50
}