{
    "eval_P": 31.364268400877044,
    "eval_R": 31.775090613673306,
    "eval_exact_match": 21.25984251968504,
    "eval_f1": 29.59608217435063,
    "eval_samples": 625
}