{
    "eval_P": 72.03668907924228,
    "eval_R": 78.82346258942003,
    "eval_exact_match": 59.57446808510638,
    "eval_f1": 71.94941490623596,
    "eval_samples": 577
}