{
    "eval_P": 70.35648405586635,
    "eval_R": 77.20475269411438,
    "eval_exact_match": 55.744680851063826,
    "eval_f1": 69.9948649837705,
    "eval_samples": 577
}