{
    "eval_P": 98.35958005249344,
    "eval_R": 97.3612673415823,
    "eval_exact_match": 94.09448818897638,
    "eval_f1": 97.5561828167201,
    "eval_samples": 625
}