{
    "eval_P": 70.16002988343415,
    "eval_R": 81.54112554112554,
    "eval_exact_match": 55.744680851063826,
    "eval_f1": 71.64939428057045,
    "eval_samples": 577
}