{
    "epoch": 3.0,
    "eval_P": 78.36206896551724,
    "eval_R": 82.32758620689656,
    "eval_exact_match": 65.51724137931035,
    "eval_f1": 79.51149425287358,
    "eval_samples": 50
}