{
    "eval_P": 71.92887845015507,
    "eval_R": 79.38746123852506,
    "eval_exact_match": 56.170212765957444,
    "eval_f1": 71.87817413759711,
    "eval_samples": 577
}