{
    "eval_P": 63.06915347678473,
    "eval_R": 77.02288845905868,
    "eval_exact_match": 51.91489361702128,
    "eval_f1": 65.29317975996223,
    "eval_samples": 581
}