{
    "eval_P": 43.14513198910223,
    "eval_R": 47.93417457247245,
    "eval_exact_match": 31.48936170212766,
    "eval_f1": 42.583149182981096,
    "eval_samples": 581
}