{
    "eval_P": 60.18754539317069,
    "eval_R": 75.74409751005496,
    "eval_exact_match": 45.1063829787234,
    "eval_f1": 62.388580605077316,
    "eval_samples": 581
}