{
    "eval_P": 63.05525940256525,
    "eval_R": 70.41312824291548,
    "eval_exact_match": 53.191489361702125,
    "eval_f1": 63.723888685558464,
    "eval_samples": 581
}