{
    "eval_P": 65.62934682039155,
    "eval_R": 82.29391176199687,
    "eval_exact_match": 51.48936170212766,
    "eval_f1": 68.43001899291727,
    "eval_samples": 581
}