{
    "eval_P": 75.27863696997797,
    "eval_R": 80.60753059276678,
    "eval_exact_match": 55.118110236220474,
    "eval_f1": 72.82937539804135,
    "eval_samples": 601
}