{
    "eval_P": 68.02484112559205,
    "eval_R": 77.4867520186669,
    "eval_exact_match": 53.61702127659574,
    "eval_f1": 68.45986507441835,
    "eval_samples": 577
}