{
    "eval_P": 72.91448268044014,
    "eval_R": 75.57118295416166,
    "eval_exact_match": 58.723404255319146,
    "eval_f1": 71.35985471905373,
    "eval_samples": 577
}