{
    "eval_P": 63.862917824105715,
    "eval_R": 71.52552884467778,
    "eval_exact_match": 50.638297872340424,
    "eval_f1": 63.453349527808555,
    "eval_samples": 581
}