{
    "epoch": 1.0,
    "eval_P": 85.77586206896552,
    "eval_R": 82.42610837438424,
    "eval_exact_match": 75.86206896551724,
    "eval_f1": 83.53448275862068,
    "eval_samples": 50
}