{
    "eval_P": 53.699885578803155,
    "eval_R": 72.06797457861286,
    "eval_exact_match": 39.57446808510638,
    "eval_f1": 56.789128702968064,
    "eval_samples": 581
}