{
    "eval_P": 72.59172600449197,
    "eval_R": 76.69580301495195,
    "eval_exact_match": 58.723404255319146,
    "eval_f1": 71.81746545841854,
    "eval_samples": 581
}