{
    "eval_P": 72.06812651493503,
    "eval_R": 72.7366675877314,
    "eval_exact_match": 57.87234042553192,
    "eval_f1": 69.91632689379877,
    "eval_samples": 577
}