{
    "eval_P": 60.82893636053837,
    "eval_R": 69.56881888796784,
    "eval_exact_match": 48.51063829787234,
    "eval_f1": 61.02650915896423,
    "eval_samples": 581
}