{
    "eval_P": 69.87261146585301,
    "eval_R": 82.60225353842374,
    "eval_exact_match": 57.02127659574468,
    "eval_f1": 71.55854564014763,
    "eval_samples": 577
}