{
    "epoch": 1.0,
    "eval_P": 83.5617059891107,
    "eval_R": 91.29310344827586,
    "eval_exact_match": 72.41379310344827,
    "eval_f1": 84.70480668756531,
    "eval_samples": 50
}