{
    "eval_P": 71.31700923190287,
    "eval_R": 74.64075404500936,
    "eval_exact_match": 54.8936170212766,
    "eval_f1": 69.5344979973002,
    "eval_samples": 581
}