{
    "eval_P": 58.50156439305375,
    "eval_R": 61.48489453808602,
    "eval_exact_match": 46.808510638297875,
    "eval_f1": 57.11758114489218,
    "eval_samples": 581
}