{
    "eval_P": 68.77344523089205,
    "eval_R": 78.7076233459212,
    "eval_exact_match": 56.170212765957444,
    "eval_f1": 69.44849287814567,
    "eval_samples": 577
}