{
    "epoch": 1.0,
    "eval_P": 84.23645320197045,
    "eval_R": 83.84236453201972,
    "eval_exact_match": 75.86206896551724,
    "eval_f1": 83.39080459770115,
    "eval_samples": 50
}