{
    "eval_P": 51.759690511129804,
    "eval_R": 72.82076079948419,
    "eval_exact_match": 34.04255319148936,
    "eval_f1": 55.39998521832893,
    "eval_samples": 581
}