{
    "eval_P": 36.29957954727164,
    "eval_R": 33.08685846087422,
    "eval_exact_match": 24.015748031496063,
    "eval_f1": 33.017507349422516,
    "eval_samples": 601
}