{
    "eval_P": 67.15980473427283,
    "eval_R": 72.22298977618125,
    "eval_exact_match": 55.319148936170215,
    "eval_f1": 66.85774228650193,
    "eval_samples": 581
}