{
    "eval_P": 70.41094224924015,
    "eval_R": 79.82143624696815,
    "eval_exact_match": 57.4468085106383,
    "eval_f1": 71.35664640339522,
    "eval_samples": 577
}