{
    "eval_P": 38.01354221035072,
    "eval_R": 41.498173221577474,
    "eval_exact_match": 29.78723404255319,
    "eval_f1": 37.23282293755254,
    "eval_samples": 581
}