{
    "eval_P": 70.45798409628198,
    "eval_R": 73.00650885757268,
    "eval_exact_match": 56.170212765957444,
    "eval_f1": 68.63104868621636,
    "eval_samples": 577
}