{
    "eval_P": 39.135614739870064,
    "eval_R": 39.77780847993614,
    "eval_exact_match": 29.78723404255319,
    "eval_f1": 37.46513468130619,
    "eval_samples": 581
}