{
    "eval_P": 65.78343031210746,
    "eval_R": 80.85520862116606,
    "eval_exact_match": 51.48936170212766,
    "eval_f1": 68.3334329136228,
    "eval_samples": 581
}