{
    "eval_P": 67.88944400371993,
    "eval_R": 72.13376930398208,
    "eval_exact_match": 54.04255319148936,
    "eval_f1": 66.89702265446947,
    "eval_samples": 577
}