{
    "eval_P": 72.79773418071291,
    "eval_R": 75.4158300328513,
    "eval_exact_match": 61.702127659574465,
    "eval_f1": 71.79424774919144,
    "eval_samples": 577
}