{
    "epoch": 1.0,
    "eval_P": 90.6609195402299,
    "eval_R": 88.16502463054186,
    "eval_exact_match": 75.86206896551724,
    "eval_f1": 88.15134099616859,
    "eval_samples": 50
}