{
    "eval_P": 66.28436114331791,
    "eval_R": 75.44548831782875,
    "eval_exact_match": 51.48936170212766,
    "eval_f1": 66.11058490238389,
    "eval_samples": 581
}