{
    "eval_P": 50.11937176298879,
    "eval_R": 53.608839151392345,
    "eval_exact_match": 40.42553191489362,
    "eval_f1": 49.221224337244365,
    "eval_samples": 577
}