{
    "eval_P": 65.92833112513965,
    "eval_R": 77.73970710140924,
    "eval_exact_match": 53.61702127659574,
    "eval_f1": 67.10083647185947,
    "eval_samples": 581
}