{
    "eval_P": 57.78339360542113,
    "eval_R": 73.81164225845076,
    "eval_exact_match": 43.40425531914894,
    "eval_f1": 59.62425914218346,
    "eval_samples": 581
}