{
    "eval_P": 71.37361787149021,
    "eval_R": 76.48303705750513,
    "eval_exact_match": 59.57446808510638,
    "eval_f1": 71.22988070274867,
    "eval_samples": 581
}