{
    "epoch": 1.0,
    "eval_P": 86.85344827586206,
    "eval_R": 87.68472906403942,
    "eval_exact_match": 82.75862068965517,
    "eval_f1": 85.91651542649727,
    "eval_samples": 50
}