{
    "epoch": 3.0,
    "eval_P": 77.4904214559387,
    "eval_R": 79.77832512315271,
    "eval_exact_match": 68.96551724137932,
    "eval_f1": 77.88032454361053,
    "eval_samples": 50
}