{
    "eval_P": 67.2825375878105,
    "eval_R": 74.97104786466488,
    "eval_exact_match": 55.319148936170215,
    "eval_f1": 67.65003179395752,
    "eval_samples": 581
}