{
    "eval_P": 36.18599912251251,
    "eval_R": 33.720932731571025,
    "eval_exact_match": 22.97872340425532,
    "eval_f1": 33.42111477584766,
    "eval_samples": 559
}