{
    "0-hasAns": 8.549851417541504,
    "1-hasAns": 7.358462333679199,
    "2-hasAns": 0.757796049118042,
    "3-hasAns": 3.672898054122925,
    "4-hasAns": 4.161778450012207,
    "5-hasAns": 2.2574925422668457,
    "6-hasAns": 8.593984603881836,
    "7-hasAns": 4.538997650146484,
    "8-hasAns": 7.203429222106934,
    "9-hasAns": 8.104682922363281,
    "10-hasAns": 3.0759153366088867,
    "11-hasAns": 2.0917882919311523,
    "12-hasAns": 5.125828742980957,
    "13-hasAns": 3.492738962173462,
    "14-hasAns": 2.554832935333252,
    "15-hasNoAns": 11.957683563232422,
    "16-hasNoAns": 8.727724075317383,
    "17-hasNoAns": 8.6170072555542,
    "18-hasAns": -3.7885570526123047,
    "19-hasAns": -3.6974048614501953,
    "20-hasAns": -6.977382659912109,
    "21-hasAns": -6.958301544189453,
    "22-hasAns": 0.28709983825683594,
    "23-hasAns": -5.499347686767578,
    "24-hasAns": -5.456429481506348,
    "25-hasAns": -8.180926322937012,
    "26-hasAns": -7.072033882141113,
    "27-hasAns": 4.264970302581787,
    "28-hasAns": -0.9387087821960449,
    "29-hasAns": -1.397181510925293,
    "30-hasAns": 4.354936122894287,
    "31-hasAns": 0.9583611488342285,
    "32-hasAns": -0.6607365608215332,
    "33-hasAns": -3.582155227661133,
    "34-hasAns": -2.004899024963379,
    "35-hasAns": -2.0078506469726562,
    "36-hasNoAns": -0.6812124252319336,
    "37-hasAns": 8.888412475585938,
    "38-hasAns": 0.9767327308654785,
    "39-hasAns": 8.854081153869629,
    "40-hasAns": 9.912124633789062,
    "41-hasAns": 6.0353827476501465,
    "42-hasAns": 8.299697875976562,
    "43-hasAns": 10.270139694213867,
    "44-hasAns": 10.139501571655273,
    "45-hasAns": 15.063552856445312,
    "46-hasAns": 15.338618278503418,
    "47-hasAns": 16.080810546875,
    "48-hasAns": 18.544897079467773,
    "49-hasAns": 12.628302574157715,
    "50-hasAns": 1.7164292335510254,
    "51-hasAns": 10.665414810180664,
    "52-hasAns": 10.825540542602539,
    "53-hasAns": 2.845304012298584,
    "54-hasAns": 3.5477137565612793,
    "55-hasAns": 7.628209590911865,
    "56-hasAns": 5.773923873901367,
    "57-hasAns": 9.072906494140625,
    "58-hasAns": 6.518065452575684,
    "59-hasAns": -0.648190975189209,
    "60-hasAns": 8.23763656616211,
    "61-hasAns": 9.734315872192383,
    "62-hasAns": 10.41496467590332,
    "63-hasAns": -0.1390061378479004,
    "64-hasAns": 2.524440288543701,
    "65-hasAns": 9.6699857711792,
    "66-hasAns": 9.12520980834961,
    "67-hasAns": 7.183028697967529,
    "68-hasAns": 11.111307144165039,
    "69-hasAns": 8.761802673339844,
    "70-hasAns": -1.007077693939209,
    "71-hasAns": -3.4295482635498047,
    "72-hasAns": 3.4298787117004395,
    "73-hasAns": 3.7914671897888184,
    "74-hasAns": 6.011025428771973,
    "75-hasAns": 12.535423278808594,
    "76-hasAns": 8.23220443725586,
    "77-hasAns": 9.70997428894043,
    "78-hasAns": -2.157564163208008,
    "79-hasAns": 2.2866873741149902,
    "80-hasAns": -5.197305202484131,
    "81-hasAns": 11.589018821716309,
    "82-hasAns": 12.130542755126953,
    "83-hasAns": 5.4738945960998535,
    "84-hasAns": 11.280383110046387,
    "85-hasAns": 11.80909538269043,
    "86-hasAns": 10.182806015014648,
    "87-hasAns": 9.789070129394531,
    "88-hasAns": 2.2915992736816406,
    "89-hasAns": -0.22352123260498047,
    "90-hasAns": 4.4783935546875,
    "91-hasAns": 3.1590218544006348,
    "92-hasAns": -1.3865103721618652,
    "93-hasAns": 11.54765796661377,
    "94-hasAns": 8.577574729919434,
    "95-hasAns": 5.317560195922852,
    "96-hasAns": -1.6493992805480957,
    "97-hasAns": 12.932478904724121,
    "98-hasAns": 10.802005767822266,
    "99-hasAns": 8.067583084106445,
    "100-hasAns": 11.111307144165039,
    "101-hasAns": 9.979242324829102,
    "102-hasAns": 6.539156913757324,
    "103-hasAns": 8.24592113494873,
    "104-hasAns": 16.011938095092773,
    "105-hasAns": 16.567358016967773,
    "106-hasAns": 3.289053440093994,
    "107-hasAns": 1.034318447113037,
    "108-hasAns": 2.8141746520996094,
    "109-hasAns": 3.1821608543395996,
    "110-hasAns": -1.5390353202819824,
    "111-hasAns": 7.725078105926514,
    "112-hasAns": 9.354387283325195,
    "113-hasAns": 5.594498634338379,
    "114-hasAns": 9.723134994506836,
    "115-hasAns": 17.72355079650879,
    "116-hasAns": 2.5046935081481934,
    "117-hasAns": 14.824907302856445,
    "118-hasAns": 11.256423950195312,
    "119-hasAns": 12.331369400024414,
    "120-hasAns": 11.658513069152832,
    "121-hasAns": 14.693763732910156,
    "122-hasAns": 14.40976333618164,
    "123-hasAns": 13.993535995483398,
    "124-hasAns": 14.071194648742676,
    "125-hasAns": 13.26318645477295,
    "126-hasAns": 16.20061683654785,
    "127-hasAns": 16.63404083251953,
    "128-hasAns": 15.241307258605957,
    "129-hasAns": 13.78859806060791,
    "130-hasAns": 10.481232643127441,
    "131-hasAns": 13.316129684448242,
    "132-hasAns": 10.645184516906738,
    "133-hasAns": 13.107475280761719,
    "134-hasAns": 17.246379852294922,
    "135-hasAns": 7.764800071716309,
    "136-hasAns": 3.0542306900024414,
    "137-hasAns": 13.568209648132324,
    "138-hasAns": 12.179866790771484,
    "139-hasAns": 14.736272811889648,
    "140-hasAns": 4.879798412322998,
    "141-hasAns": 6.127682685852051,
    "142-hasAns": 13.492586135864258,
    "143-hasAns": 6.397441387176514,
    "144-hasAns": 6.5961127281188965,
    "145-hasAns": 12.0501708984375,
    "146-hasAns": 9.23275375366211,
    "147-hasAns": 10.24662971496582,
    "148-hasAns": 10.737845420837402,
    "149-hasAns": 12.417510032653809,
    "150-hasAns": 11.801557540893555,
    "151-hasAns": 13.018503189086914,
    "152-hasAns": 10.655867576599121,
    "153-hasAns": 3.6328623294830322,
    "154-hasAns": 8.696313858032227,
    "155-hasAns": 7.902020454406738,
    "156-hasAns": 8.0712251663208,
    "157-hasAns": 7.14063835144043,
    "158-hasAns": 8.274231910705566,
    "159-hasAns": 7.585891246795654,
    "160-hasAns": 9.245460510253906,
    "161-hasAns": 7.377518177032471,
    "162-hasAns": 6.073123455047607,
    "163-hasAns": 6.514553546905518,
    "164-hasAns": 7.071855545043945,
    "165-hasAns": 8.898097038269043,
    "166-hasAns": 1.8539438247680664,
    "167-hasAns": 3.8637142181396484,
    "168-hasAns": 4.90669584274292,
    "169-hasAns": 9.810871124267578,
    "170-hasAns": 11.554997444152832,
    "171-hasAns": -6.769462585449219,
    "172-hasAns": 0.10436582565307617,
    "173-hasAns": -5.621249198913574,
    "174-hasAns": 6.560500621795654,
    "175-hasAns": 4.730612754821777,
    "176-hasAns": 2.138500690460205,
    "177-hasAns": -2.162543773651123,
    "178-hasAns": 4.5457658767700195,
    "179-hasAns": 3.418272018432617,
    "180-hasAns": 0.02608346939086914,
    "181-hasAns": -2.005099296569824,
    "182-hasAns": 8.64269733428955,
    "183-hasAns": 8.64269733428955,
    "184-hasAns": -0.10791206359863281,
    "185-hasAns": 4.027528285980225,
    "186-hasAns": 3.4106006622314453,
    "187-hasAns": 4.753851890563965,
    "188-hasAns": 3.5216403007507324,
    "189-hasAns": 4.768208980560303,
    "190-hasAns": 4.196730613708496,
    "191-hasAns": 5.73277473449707,
    "192-hasAns": 7.795950889587402,
    "193-hasAns": 8.192136764526367,
    "194-hasAns": -0.8732905387878418,
    "195-hasAns": -2.1939072608947754,
    "196-hasAns": 6.38651180267334,
    "197-hasAns": 3.1649093627929688,
    "198-hasAns": 0.38344764709472656,
    "199-hasAns": 2.864086151123047,
    "200-hasAns": 1.6862330436706543,
    "201-hasAns": 1.097773551940918,
    "202-hasAns": -1.5219268798828125,
    "203-hasAns": 5.406648635864258,
    "204-hasAns": 11.265456199645996,
    "205-hasAns": 5.886671543121338,
    "206-hasAns": 3.8814783096313477,
    "207-hasAns": -0.8693466186523438,
    "208-hasAns": 8.110432624816895,
    "209-hasAns": 11.714862823486328,
    "210-hasAns": 15.003695487976074,
    "211-hasAns": 14.515960693359375,
    "212-hasAns": 8.420150756835938,
    "213-hasAns": 8.701774597167969,
    "214-hasAns": 9.976884841918945,