{
    "eval_P": 96.46137982752157,
    "eval_R": 96.73228346456693,
    "eval_exact_match": 94.48818897637796,
    "eval_f1": 96.47234770787341,
    "eval_samples": 625
}