{
    "0-hasAns": 0.0971841812133789,
    "1-hasAns": 0.7751528024673462,
    "2-hasAns": 7.039538383483887,
    "3-hasAns": -10.070794105529785,
    "4-hasAns": -2.1565678119659424,
    "5-hasAns": -4.443037033081055,
    "6-hasAns": 7.367561340332031,
    "7-hasAns": -1.3371338844299316,
    "8-hasAns": -3.6924033164978027,
    "9-hasAns": -0.15498435497283936,
    "10-hasAns": 15.29632568359375,
    "11-hasAns": -0.7543638348579407,
    "12-hasAns": 5.767394542694092,
    "13-hasAns": 4.597266674041748,
    "14-hasAns": -0.6406130790710449,
    "15-hasNoAns": 12.700128555297852,
    "16-hasNoAns": 14.792108535766602,
    "17-hasNoAns": 11.197218894958496,
    "18-hasAns": -3.1042563915252686,
    "19-hasAns": 0.6228789687156677,
    "20-hasAns": -5.269770622253418,
    "21-hasAns": -5.959262847900391,
    "22-hasAns": -4.8887410163879395,
    "23-hasAns": 5.958992958068848,
    "24-hasAns": 8.288797378540039,
    "25-hasAns": 2.7957065105438232,
    "26-hasAns": 7.416013240814209,
    "27-hasAns": 6.651775360107422,
    "28-hasAns": -7.075364112854004,
    "29-hasAns": -1.7938275337219238,
    "30-hasAns": -4.482521057128906,
    "31-hasAns": 11.675098419189453,
    "32-hasAns": 4.65721321105957,
    "33-hasAns": 7.320668697357178,
    "34-hasAns": 9.127511978149414,
    "35-hasAns": -3.462595224380493,
    "36-hasNoAns": 6.63284158706665,
    "37-hasAns": 3.6371731758117676,
    "38-hasAns": 9.134441375732422,
    "39-hasAns": 10.623960494995117,
    "40-hasAns": 13.950296401977539,
    "41-hasAns": 9.278138160705566,
    "42-hasAns": -12.624849319458008,
    "43-hasAns": 3.795818567276001,
    "44-hasAns": 7.314362525939941,
    "45-hasAns": 3.395249128341675,
    "46-hasAns": 12.173666000366211,
    "47-hasAns": 16.992015838623047,
    "48-hasAns": 9.634400367736816,
    "49-hasAns": 5.0954976081848145,
    "50-hasAns": 5.6819257736206055,
    "51-hasAns": 11.215350151062012,
    "52-hasAns": 6.495368003845215,
    "53-hasAns": 10.349051475524902,
    "54-hasAns": -2.0365638732910156,
    "55-hasAns": 8.138813018798828,
    "56-hasAns": 9.243099212646484,
    "57-hasAns": 12.058043479919434,
    "58-hasAns": 4.74801778793335,
    "59-hasAns": -9.799291610717773,
    "60-hasAns": -2.98386287689209,
    "61-hasAns": -3.5836129188537598,
    "62-hasAns": 3.694441795349121,
    "63-hasAns": -4.909567356109619,
    "64-hasAns": -13.126758575439453,
    "65-hasAns": -2.5157551765441895,
    "66-hasAns": -4.140885829925537,
    "67-hasAns": -8.719539642333984,
    "68-hasAns": -6.867082595825195,
    "69-hasAns": 7.170649528503418,
    "70-hasAns": -4.966133117675781,
    "71-hasAns": -3.5577170848846436,
    "72-hasAns": -8.805078506469727,
    "73-hasAns": -3.441821336746216,
    "74-hasAns": -7.80716609954834,
    "75-hasAns": -1.98763108253479,
    "76-hasAns": -6.862656593322754,
    "77-hasAns": -10.039680480957031,
    "78-hasAns": -6.777698040008545,
    "79-hasAns": -5.439347267150879,
    "80-hasAns": -5.1705641746521,
    "81-hasAns": 1.191089391708374,
    "82-hasAns": 17.839094161987305,
    "83-hasAns": -4.184688568115234,
    "84-hasAns": -3.217078447341919,
    "85-hasAns": -5.351869583129883,
    "86-hasAns": -2.8537983894348145,
    "87-hasAns": -9.232110977172852,
    "88-hasAns": -5.431502819061279,
    "89-hasAns": -0.42614197731018066,
    "90-hasAns": -5.203436851501465,
    "91-hasAns": -5.659900188446045,
    "92-hasAns": -4.702744960784912,
    "93-hasAns": -0.05002176761627197,
    "94-hasAns": -7.143701076507568,
    "95-hasAns": -2.0270533561706543,
    "96-hasAns": -3.1824846267700195,
    "97-hasAns": -0.9059480428695679,
    "98-hasAns": -4.512325286865234,
    "99-hasAns": -5.84137487411499,
    "100-hasAns": -3.445397138595581,
    "101-hasAns": -6.013659477233887,
    "102-hasAns": -5.794378280639648,
    "103-hasAns": -7.277690887451172,
    "104-hasAns": -4.7797160148620605,
    "105-hasAns": 21.413362503051758,
    "106-hasAns": -18.498836517333984,
    "107-hasAns": -25.980335235595703,
    "108-hasAns": -21.646364212036133,
    "109-hasAns": -22.983375549316406,
    "110-hasAns": -21.649078369140625,
    "111-hasAns": -10.946965217590332,
    "112-hasAns": -21.022789001464844,
    "113-hasAns": -17.58779525756836,
    "114-hasAns": -9.360711097717285,
    "115-hasAns": -5.303602695465088,
    "116-hasAns": -5.958395004272461,
    "117-hasAns": -7.912299156188965,
    "118-hasAns": -5.28917121887207,
    "119-hasAns": -6.256247043609619,
    "120-hasAns": 6.498214244842529,
    "121-hasAns": -5.705035209655762,
    "122-hasAns": -7.715010166168213,
    "123-hasAns": -9.963772773742676,
    "124-hasAns": -1.7569401264190674,
    "125-hasAns": -3.1214237213134766,
    "126-hasAns": -5.033882141113281,
    "127-hasAns": -8.069513320922852,
    "128-hasAns": -8.057353973388672,
    "129-hasAns": -4.679538726806641,
    "130-hasAns": -3.46648907661438,
    "131-hasAns": -5.981606483459473,
    "132-hasAns": -7.50949764251709,
    "133-hasAns": -4.415067672729492,
    "134-hasAns": -4.3992743492126465,
    "135-hasAns": -5.102746963500977,
    "136-hasAns": -2.9354677200317383,
    "137-hasAns": 6.344174861907959,
    "138-hasAns": -0.290946900844574,
    "139-hasAns": -3.5366435050964355,
    "140-hasAns": -7.878079414367676,
    "141-hasAns": -7.309355735778809,
    "142-hasAns": -3.3431499004364014,
    "143-hasAns": -10.004505157470703,
    "144-hasAns": -9.130538940429688,
    "145-hasAns": -8.318719863891602,
    "146-hasAns": -6.750457763671875,
    "147-hasAns": -3.3040733337402344,
    "148-hasAns": -1.0365104675292969,
    "149-hasAns": 7.8379974365234375,
    "150-hasAns": 0.15399909019470215,
    "151-hasAns": 11.733948707580566,
    "152-hasAns": 5.270736217498779,
    "153-hasAns": 1.0866869688034058,
    "154-hasAns": -7.188568115234375,
    "155-hasAns": -3.6029248237609863,
    "156-hasAns": -7.747913360595703,
    "157-hasAns": -5.517983436584473,
    "158-hasAns": -6.665979385375977,
    "159-hasAns": 4.7428154945373535,
    "160-hasAns": -4.50665283203125,
    "161-hasAns": -2.4330341815948486,
    "162-hasAns": -3.481671094894409,
    "163-hasAns": -4.998710632324219,
    "164-hasAns": -2.0043861865997314,
    "165-hasAns": -6.156284332275391,
    "166-hasAns": -3.72057843208313,
    "167-hasAns": -2.951441764831543,
    "168-hasAns": -5.7172393798828125,
    "169-hasAns": 7.754918575286865,
    "170-hasAns": 4.926331520080566,
    "171-hasAns": 0.8296515941619873,
    "172-hasAns": -0.43709564208984375,
    "173-hasAns": -3.0233588218688965,
    "174-hasAns": -1.7368717193603516,
    "175-hasAns": -5.461376190185547,
    "176-hasAns": -8.339347839355469,
    "177-hasAns": -0.9943071603775024,
    "178-hasAns": -4.238440990447998,
    "179-hasAns": -8.868885040283203,
    "180-hasAns": -4.304633617401123,
    "181-hasAns": -4.753396511077881,
    "182-hasAns": 11.18505859375,
    "183-hasAns": 4.242400646209717,
    "184-hasAns": -7.498981475830078,
    "185-hasAns": -6.361539363861084,
    "186-hasAns": -3.873904228210449,
    "187-hasAns": 7.524376392364502,
    "188-hasAns": -2.8454301357269287,
    "189-hasAns": 12.553201675415039,
    "190-hasAns": 1.121382236480713,
    "191-hasAns": 11.618451118469238,
    "192-hasAns": 13.103568077087402,
    "193-hasAns": 16.811315536499023,
    "194-hasAns": -2.6089487075805664,
    "195-hasAns": -3.2118136882781982,
    "196-hasAns": -6.1421098709106445,
    "197-hasAns": -4.397809028625488,
    "198-hasAns": -9.33717155456543,
    "199-hasAns": -9.251118659973145,
    "200-hasAns": -5.37590217590332,
    "201-hasAns": -2.991414785385132,
    "202-hasAns": -4.752744197845459,
    "203-hasAns": -6.42039680480957,
    "204-hasAns": -1.6899771690368652,
    "205-hasAns": -0.09443461894989014,
    "206-hasAns": -10.183709144592285,
    "207-hasAns": -4.512129306793213,
    "208-hasAns": -4.762068748474121,
    "209-hasAns": -7.438162326812744,
    "210-hasAns": -1.7759075164794922,
    "211-hasAns": -5.264854431152344,
    "212-hasAns": 7.126022815704346,