{
    "eval_P": 66.01161293084886,
    "eval_R": 73.10478646648859,
    "eval_exact_match": 52.340425531914896,
    "eval_f1": 65.98560065892008,
    "eval_samples": 581
}