{
    "epoch": 1.0,
    "eval_P": 82.75862068965517,
    "eval_R": 80.78817733990148,
    "eval_exact_match": 79.3103448275862,
    "eval_f1": 81.37931034482759,
    "eval_samples": 50
}