{
    "eval_P": 70.91441466335088,
    "eval_R": 83.52887537993921,
    "eval_exact_match": 57.87234042553192,
    "eval_f1": 72.50206143930077,
    "eval_samples": 577
}