{
    "eval_P": 74.2892288543631,
    "eval_R": 83.6245540330186,
    "eval_exact_match": 57.874015748031496,
    "eval_f1": 74.66167443198002,
    "eval_samples": 625
}