{
    "eval_P": 64.22376438986424,
    "eval_R": 72.38712351478308,
    "eval_exact_match": 50.638297872340424,
    "eval_f1": 64.7734307547335,
    "eval_samples": 581
}