{
    "eval_P": 59.969534751520285,
    "eval_R": 68.81566424119616,
    "eval_exact_match": 45.95744680851064,
    "eval_f1": 60.55737425163038,
    "eval_samples": 581
}