{
    "epoch": 1.0,
    "eval_P": 83.96551724137932,
    "eval_R": 84.35960591133005,
    "eval_exact_match": 75.86206896551724,
    "eval_f1": 83.90804597701148,
    "eval_samples": 50
}