{
    "eval_P": 56.55255892586023,
    "eval_R": 59.246799299990776,
    "eval_exact_match": 45.1063829787234,
    "eval_f1": 55.54789084585269,
    "eval_samples": 581
}