{
    "eval_P": 55.14757474280467,
    "eval_R": 62.08350987074392,
    "eval_exact_match": 46.38297872340426,
    "eval_f1": 54.93354170610611,
    "eval_samples": 581
}