{
    "eval_P": 64.99011755175711,
    "eval_R": 69.74090448558532,
    "eval_exact_match": 54.46808510638298,
    "eval_f1": 64.62964660648564,
    "eval_samples": 581
}