{
    "eval_P": 72.32878575035599,
    "eval_R": 80.44194221853796,
    "eval_exact_match": 53.61702127659574,
    "eval_f1": 71.50295069403539,
    "eval_samples": 559
}