{
    "eval_P": 72.5399834208345,
    "eval_R": 80.40738693930183,
    "eval_exact_match": 60.0,
    "eval_f1": 72.8853006084393,
    "eval_samples": 577
}