{
    "epoch": 1.0,
    "eval_P": 88.7212643678161,
    "eval_R": 89.32266009852218,
    "eval_exact_match": 75.86206896551724,
    "eval_f1": 87.3820326678766,
    "eval_samples": 49
}