{
    "eval_P": 59.1710205503309,
    "eval_R": 59.4417077175698,
    "eval_exact_match": 41.37931034482759,
    "eval_f1": 56.471143798730004,
    "eval_samples": 50
}