{
    "eval_P": 70.69997489647052,
    "eval_R": 78.4593963955666,
    "eval_exact_match": 57.4468085106383,
    "eval_f1": 70.82341120255451,
    "eval_samples": 577
}