{
    "eval_P": 1.835345615220557,
    "eval_R": 5.390867334764972,
    "eval_exact_match": 0.0,
    "eval_f1": 2.220329371060236,
    "eval_samples": 601
}