{
    "eval_P": 73.3078538482794,
    "eval_R": 79.25912621657301,
    "eval_exact_match": 60.42553191489362,
    "eval_f1": 73.161762642554,
    "eval_samples": 577
}