{
    "eval_P": 69.73978858021412,
    "eval_R": 72.83899788155107,
    "eval_exact_match": 54.8936170212766,
    "eval_f1": 68.56833035879211,
    "eval_samples": 581
}