{
    "0-hasAns": 17.672344207763672,
    "1-hasAns": 24.44257354736328,
    "2-hasAns": 23.399513244628906,
    "3-hasAns": 24.6253662109375,
    "4-hasAns": 22.460224151611328,
    "5-hasAns": 13.516721725463867,
    "6-hasAns": 25.06418800354004,
    "7-hasAns": 21.138103485107422,
    "8-hasAns": 21.72901725769043,
    "9-hasAns": 22.44593620300293,
    "10-hasAns": 8.446677207946777,
    "11-hasAns": 10.471094131469727,
    "12-hasAns": 9.609329223632812,
    "13-hasAns": -1.591432809829712,
    "14-hasAns": 9.360969543457031,
    "15-hasNoAns": 21.935945510864258,
    "16-hasNoAns": 23.85002899169922,
    "17-hasNoAns": 23.450443267822266,
    "18-hasAns": 16.06181526184082,
    "19-hasAns": 23.29976463317871,
    "20-hasAns": 22.22834014892578,
    "21-hasAns": 16.021053314208984,
    "22-hasAns": 21.986970901489258,
    "23-hasAns": 7.297628402709961,
    "24-hasAns": 11.720125198364258,
    "25-hasAns": 7.215859413146973,
    "26-hasAns": -2.5077948570251465,
    "27-hasAns": 14.984842300415039,
    "28-hasAns": 12.469406127929688,
    "29-hasAns": 21.680030822753906,
    "30-hasAns": 11.992107391357422,
    "31-hasAns": 8.329036712646484,
    "32-hasAns": 9.16830825805664,
    "33-hasAns": 10.824291229248047,
    "34-hasAns": 2.5123114585876465,
    "35-hasAns": 17.243913650512695,
    "36-hasNoAns": 22.80965805053711,
    "37-hasAns": 20.376203536987305,
    "38-hasAns": 2.264967918395996,
    "39-hasAns": 6.666348457336426,
    "40-hasAns": 8.407669067382812,
    "41-hasAns": 9.931683540344238,
    "42-hasAns": 19.570106506347656,
    "43-hasAns": 17.021289825439453,
    "44-hasAns": 18.06646728515625,
    "45-hasAns": 24.245885848999023,
    "46-hasAns": 14.242475509643555,
    "47-hasAns": 15.384864807128906,
    "48-hasAns": 13.082962036132812,
    "49-hasAns": 5.7389631271362305,
    "50-hasAns": 17.711227416992188,
    "51-hasAns": 15.339794158935547,
    "52-hasAns": 17.91714859008789,
    "53-hasAns": 16.78325653076172,
    "54-hasAns": 21.360382080078125,
    "55-hasAns": 13.802096366882324,
    "56-hasAns": 13.387925148010254,
    "57-hasAns": 13.152886390686035,
    "58-hasAns": 11.868895530700684,
    "59-hasAns": 0.5188246369361877,
    "60-hasAns": 2.9718613624572754,
    "61-hasAns": 21.078960418701172,
    "62-hasAns": 25.22803497314453,
    "63-hasAns": 0.6084587574005127,
    "64-hasAns": -14.515205383300781,
    "65-hasAns": -0.1953488439321518,
    "66-hasAns": 1.8609873056411743,
    "67-hasAns": 8.983030319213867,
    "68-hasAns": 3.508824348449707,
    "69-hasAns": 20.750999450683594,
    "70-hasAns": 7.617229461669922,
    "71-hasAns": 11.538846969604492,
    "72-hasAns": 14.572092056274414,
    "73-hasAns": 13.756084442138672,
    "74-hasAns": 17.542943954467773,
    "75-hasAns": 10.308515548706055,
    "76-hasAns": 1.168977975845337,
    "77-hasAns": 8.735007286071777,
    "78-hasAns": 14.521373748779297,
    "79-hasAns": 13.618169784545898,
    "80-hasAns": 4.998972415924072,
    "81-hasAns": 20.819881439208984,
    "82-hasAns": 21.443462371826172,
    "83-hasAns": 22.55714225769043,
    "84-hasAns": 16.716299057006836,
    "85-hasAns": 16.151378631591797,
    "86-hasAns": 17.639034271240234,
    "87-hasAns": 14.975415229797363,
    "88-hasAns": 16.031496047973633,
    "89-hasAns": 15.787776947021484,
    "90-hasAns": 17.646154403686523,
    "91-hasAns": 7.629535675048828,
    "92-hasAns": 2.50166654586792,
    "93-hasAns": 10.443769454956055,
    "94-hasAns": 8.565349578857422,
    "95-hasAns": 22.77840805053711,
    "96-hasAns": 0.553748607635498,
    "97-hasAns": 15.221453666687012,
    "98-hasAns": 9.317407608032227,
    "99-hasAns": 11.650009155273438,
    "100-hasAns": 10.020258903503418,
    "101-hasAns": 2.8226308822631836,
    "102-hasAns": 13.527351379394531,
    "103-hasAns": 10.758079528808594,
    "104-hasAns": 15.499646186828613,
    "105-hasAns": 21.047367095947266,
    "106-hasAns": -4.623729705810547,
    "107-hasAns": 16.053754806518555,
    "108-hasAns": 9.502761840820312,
    "109-hasAns": 15.137028694152832,
    "110-hasAns": 17.346717834472656,
    "111-hasAns": 14.610198020935059,
    "112-hasAns": 12.573307991027832,
    "113-hasAns": 17.462669372558594,
    "114-hasAns": 15.68417739868164,
    "115-hasAns": 21.243438720703125,
    "116-hasAns": 4.599575519561768,
    "117-hasAns": 0.6237399578094482,
    "118-hasAns": 3.568667411804199,
    "119-hasAns": 9.131745338439941,
    "120-hasAns": 11.068680763244629,
    "121-hasAns": 20.75146484375,
    "122-hasAns": 21.54269790649414,
    "123-hasAns": 22.666603088378906,
    "124-hasAns": 21.488597869873047,
    "125-hasAns": 23.342056274414062,
    "126-hasAns": 19.14328384399414,
    "127-hasAns": 12.61878776550293,
    "128-hasAns": 5.532069206237793,
    "129-hasAns": 13.066020965576172,
    "130-hasAns": 20.268020629882812,
    "131-hasAns": 20.983184814453125,
    "132-hasAns": -4.854624271392822,
    "133-hasAns": 8.547097206115723,
    "134-hasAns": 21.220531463623047,
    "135-hasAns": 22.45412826538086,
    "136-hasAns": 16.828506469726562,
    "137-hasAns": 13.558395385742188,
    "138-hasAns": 21.47216796875,
    "139-hasAns": 17.03938102722168,
    "140-hasAns": -5.3752336502075195,
    "141-hasAns": 13.011605262756348,
    "142-hasAns": 7.512042045593262,
    "143-hasAns": 10.311988830566406,
    "144-hasAns": -3.5020623207092285,
    "145-hasAns": 16.002052307128906,
    "146-hasAns": 20.71672821044922,
    "147-hasAns": -2.4480247497558594,
    "148-hasAns": -7.74828577041626,
    "149-hasAns": 16.6010684967041,
    "150-hasAns": 17.341819763183594,
    "151-hasAns": 20.073299407958984,
    "152-hasAns": 18.853721618652344,
    "153-hasAns": -0.4582924246788025,
    "154-hasAns": 5.717694282531738,
    "155-hasAns": 6.156405448913574,
    "156-hasAns": 20.113121032714844,
    "157-hasAns": 15.602179527282715,
    "158-hasAns": 11.56633472442627,
    "159-hasAns": 23.944124221801758,
    "160-hasAns": 24.094196319580078,
    "161-hasAns": -1.7926188707351685,
    "162-hasAns": 5.771699905395508,
    "163-hasAns": 16.68505859375,
    "164-hasAns": 20.728097915649414,
    "165-hasAns": 20.423297882080078,
    "166-hasAns": 13.147061347961426,
    "167-hasAns": 9.470029830932617,
    "168-hasAns": 13.358871459960938,
    "169-hasAns": 20.31549835205078,
    "170-hasAns": 27.467994689941406,
    "171-hasAns": 11.780468940734863,
    "172-hasAns": 12.514860153198242,
    "173-hasAns": 2.6437714099884033,
    "174-hasAns": 6.990058898925781,
    "175-hasAns": 6.80496883392334,
    "176-hasAns": 15.479413986206055,
    "177-hasAns": 4.1458892822265625,
    "178-hasAns": 6.203725814819336,
    "179-hasAns": 18.601667404174805,
    "180-hasAns": 3.5327558517456055,
    "181-hasAns": 2.1758008003234863,
    "182-hasAns": 11.397636413574219,
    "183-hasAns": 9.319751739501953,
    "184-hasAns": -0.8857811689376831,
    "185-hasAns": -3.792133331298828,
    "186-hasAns": 12.182729721069336,
    "187-hasAns": 11.873025894165039,
    "188-hasAns": 10.212579727172852,
    "189-hasAns": 5.017229080200195,
    "190-hasAns": 6.696699142456055,
    "191-hasAns": 21.053314208984375,
    "192-hasAns": 25.059127807617188,
    "193-hasAns": 22.348560333251953,
    "194-hasAns": 3.4766054153442383,
    "195-hasAns": 16.30714988708496,
    "196-hasAns": 12.031200408935547,
    "197-hasAns": 5.445763111114502,
    "198-hasAns": 5.758262634277344,
    "199-hasAns": 5.17729377746582,
    "200-hasAns": 10.305721282958984,
    "201-hasAns": 3.8366777896881104,
    "202-hasAns": -3.9039254188537598,
    "203-hasAns": 4.110367774963379,
    "204-hasAns": 16.59864044189453,
    "205-hasAns": 17.711841583251953,
    "206-hasAns": 5.884863376617432,
    "207-hasAns": -11.851737022399902,
    "208-hasAns": 16.15081024169922,
    "209-hasAns": 14.20401382446289,
    "210-hasAns": 7.646605491638184,
    "211-hasAns": 16.370250701904297,
    "212-hasAns": 1.5678584575653076,
    "213-hasAns": 19.04896354675293,
    "214-hasAns": 8.037284851074219,