{
    "epoch": 1.0,
    "eval_P": 86.20689655172414,
    "eval_R": 86.20689655172414,
    "eval_exact_match": 86.20689655172414,
    "eval_f1": 86.20689655172414,
    "eval_samples": 50
}