{
    "epoch": 1.0,
    "eval_P": 86.30636604774536,
    "eval_R": 87.84482758620689,
    "eval_exact_match": 79.3103448275862,
    "eval_f1": 85.83333333333333,
    "eval_samples": 50
}