{
    "eval_P": 40.62347794049923,
    "eval_R": 39.130223204691305,
    "eval_exact_match": 29.78723404255319,
    "eval_f1": 38.438445924205,
    "eval_samples": 581
}