{
    "eval_P": 68.79507564077407,
    "eval_R": 74.80961591599889,
    "eval_exact_match": 56.170212765957444,
    "eval_f1": 68.9037724695238,
    "eval_samples": 581
}