{
    "eval_P": 68.49158858409554,
    "eval_R": 77.57287157287158,
    "eval_exact_match": 55.319148936170215,
    "eval_f1": 68.83874188792421,
    "eval_samples": 581
}