{
    "eval_P": 68.95046540467447,
    "eval_R": 76.3317368210985,
    "eval_exact_match": 54.46808510638298,
    "eval_f1": 68.7612294835246,
    "eval_samples": 581
}