{
    "eval_P": 64.24589499807027,
    "eval_R": 74.24933222805561,
    "eval_exact_match": 51.06382978723404,
    "eval_f1": 65.01344562838497,
    "eval_samples": 577
}