{
    "epoch": 1.0,
    "eval_P": 89.22413793103448,
    "eval_R": 89.22413793103448,
    "eval_exact_match": 86.20689655172414,
    "eval_f1": 89.22413793103448,
    "eval_samples": 50
}