{
    "epoch": 2.0,
    "eval_P": 84.91379310344827,
    "eval_R": 85.01231527093597,
    "eval_exact_match": 68.96551724137932,
    "eval_f1": 83.82183908045978,
    "eval_samples": 50
}